Column1;Column2;Column3;Column4;Column5;Column6;Column7
id;name;originalName;nameEn_suggested;nameEn_approved;slugEn;flag
9Rjmxy5t05zBMPcBNtSP;À travers les Hautes Fagnes;;Through the High Fens;;;
QGH3h48bIQLdHL7edkoA;A Travers les Hauts de France;;A Travers les Hauts de France;;;
j7JbioO6W8XYGLyYPvkl;A Través de Flandes;Dwars door Vlaanderen;Dwars door Vlaanderen;;;
US3oIygaPK5o462EiMWe;A Través de Flandes femenina;Dwars door Vlaanderen;Dwars door Vlaanderen;;;
gAetXNwhIbwHbyyW1hOv;Alpes Gresivaudan Classic;;Alpes Grésivaudan Classic;;;
wRWdU9zyvshZkCCJT3nS;Alpes Isère Tour;;Alpes Isère Tour;;;
1sR8JQengL2yFJx1c9o8;AlUla Tour;;AlUla Tour;;;
TcBKM90AfYFOPneionNr;Amstel Gold Race;;Amstel Gold Race;;;
IF4G6hzKIe4OTb5nwqRX;Amstel Gold Race femenina;;Amstel Gold Race Women;;;
X1GFZpSA27XvqPgxgqEh;Andorra Morabanc Clàssica;;Andorra Morabanc Clàssica;;;
NwV7kCZOXcHpVOhTOmmM;Annemasse Classic;;Annemasse Classic;;;
oKT9r8WJa64elyDgBDaU;Antwerp Port Epic;;Antwerp Port Epic;;;
gQlPWS65ayduM1VxXIWT;Antwerp Port Epic Ladies;;Antwerp Port Epic Ladies;;;
da8Vzpi6qIlFuRwvBa9I;Arctic Race of Norway;;Arctic Race of Norway;;;
XXREjBydVZ00t5V5FYP7;Argenta Classic - Deurne;;Argenta Classic - Deurne;;;
K5cQkmfOnnH2esgTzz2V;Arno Wallaard Memorial;;Arno Wallaard Memorial;;;
SUqmwHSADIOI5jqTsp4H;Aveiro Region Champions Classic;;Aveiro Region Champions Classic;;;
o6sx43TOWpw80BHx1GKW;Bakú-Jankendi;Baku-Khankendi Azerbaijan race;Baku-Khankendi Azerbaijan race;;;
rJPcuvTZ9iALSCad8s5J;Baloise Ladies Tour;;Baloise Ladies Tour;;;
WiGrn1y70EH7spikAOGW;Baltic Chain Tour;;Baltic Chain Tour;;;
IresTcUsi2niCV2gdYiZ;Belgrado-Bania Luka;Beograd-Banjaluka;Beograd-Banjaluka;;;
aalZzeqJHYgWxuQ2VG3A;Beobank Samyn Ladies;;Beobank Samyn Ladies;;;
00XQfGADXDyT4XJc6RHw;Binche - Chimay - Binche / Mémorial Frank Vandenbroucke;;Binche - Chimay - Binche / Mémorial Frank Vandenbroucke;;;
duASGGFqGw2JOBM3B2WU;Binche Chimay Binche pour Dames;;Binche Chimay Binche pour Dames;;;
dItWHAtzToruUsxtMXEC;Boucle de l'Artois;;Boucle de l'Artois;;;
OTQ7NLjzte3ddKHXDuz1;Boucles de l'Aulne - Châteaulin;;Boucles de l'Aulne - Châteaulin;;;
ZgflGcpTPtERkEzasLy5;Boucles de la Mayenne;;Boucles de la Mayenne;;;
1r8BI4rLxWMpMg3tS3UB;Boucles Drôme Ardèche Femmes;;Boucles Drôme Ardèche Femmes;;;
c6ULZ9ABPlLlVd3W4oBb;Bredene Koksijde Classic;;Bredene Koksijde Classic;;;
FPzdtMe5NYSMIAQBs6Cb;Bretagne Classic;;Bretagne Classic;;;
LH9OYfbyTZrzR4SvXWIj;Bretagne Ladies Tour;;Bretagne Ladies Tour;;;
HCmad8mSVy95rlr1naP8;BW Classic;;BW Classic;;;
b7VRl28bGrnw42EHRpyx;Cadel Evans Great Ocean Road Race;;Cadel Evans Great Ocean Road Race;;;
XymqgVe4VSOt3hZFQjwt;Cadel Evans Great Ocean Road Race femenina;;Cadel Evans Great Ocean Road Race Women;;;
yFdxd79zH7a57ZVDyomN;Campeonato de Flandes (Koolskamp);Kampioenschap van Vlaanderen;Kampioenschap van Vlaanderen;;;
M3wONJ7iRIExl8g8y0Yi;Campeonatos de Asia;;Asian Championships;;;
esSYf9dmJfJgXivqDRNv;Campeonatos de Europa;;European Championships;;;
vzqrGCpbaq1xIHyl41H0;Campeonatos de Oceanía;;Oceania Championships;;;
a29CcH8tXTh4jIBBtA3u;Campeonatos del Mundo;;World Championships;;;
twkzYFkqTraLD9uUQX8e;Campeonatos Panamericanos;;Pan American Championships;;;
aECj69Y2ES6wmI9OWW80;Carrera de la Paz;Course de la Paix;Course de la Paix (Peace race);;;
CfbonannpsloZkiQm2go;China Xizang Trans-Himalaya;;China Xizang Trans-Himalaya;;;
XkPvZHxYewa1vLz3iACG;Cholet Agglo Tour;;Cholet Agglo Tour;;;
3Ljh6hnyDOax1JhJiMcH;Chrono des Nations;;Chrono des Nations;;;
Uc68xE2Ru3C17FQWXXpq;Chrono des Nations femenina;;Chrono des Nations Women;;;
E21gKPtKdh93mUhGUhAm;Chrono des Nations sub23;;Chrono des Nations Under-23;;;
OYDDn9k7FgGnC3y6EvN8;Chrono Féminin de Gatineau;;Chrono Féminin de Gatineau;;;
Okd7gfm4FC0GZrQO1QzN;Circuit de Wallonie;;Circuit de Wallonie;;;
dxhT3rub3Xdn1XbqxIz4;Circuit des Ardennes;;Circuit des Ardennes;;;
AVwohNdpT16NhT4KrFj6;Circuito de Getxo;;Circuito de Getxo;;;
m66ldFsFuaOnZdodCrbj;Circuito del Porto - Trofeo Arvedi;;Circuito del Porto - Trofeo Arvedi;;;
wCi6fPU76JgjERYZVrf2;Circuito Franco-Belga;Circuit Franco-Belge;Circuit Franco-Belge;;;
HHhIWmVlceqXaOVdNdPr;Clásica Azuero;;Clásica Azuero;;;
8jy2LvXLNgTknIVtJEWY;Clásica Castilla y León;;Clásica Castilla y León;;;
JjB2JRT05ySvtx4DBhU0;Clásica de Almería;;Clásica de Almería;;;
uP5uKkPN9k4ifN01Fj1o;Clásica de Almería femenina;;Clásica de Almería Femenina;;;
5u0xMMP7JwGd2pnTWUYa;Clásica de Bruselas;Brussels Cycling Classic;Brussels Cycling Classic;;;
kpElSlYQmdIVCDPdaCOC;Clásica de Mauricio;;Classic of Mauritius;;;
I1omHMec4LNBvMoqbrre;Clásica de Ordizia;;Clásica de Ordizia;;;
iHz8pHng3SExF6xNg2Ye;Clásica de Pascua-Padrón;;Clásica de Pascua-Padrón;;;
5ScHDdIZYVS3VoJBneoJ;Clásica de San Sebastián;Donostia San Sebastian Klasikoa;Clásica de San Sebastián;;;
rqFSfnhf0qR2Fh62ZUR4;Clásica Jaén;;Clásica Jaén;;;
qpiMMJDaFbsrcrFeGRtf;Clásica Provincia de Chiriquí;;Clásica Provincia de Chiriquí;;;
Sy1yHxm9trc5AphIq7my;Classic Grand Besançon Doubs;;Classic Grand Besançon Doubs;;;
hC5Ifz5C5v1Q00yPvll2;Classic Loire Atlantique;;Classic Loire Atlantique;;;
IdEEH3VEyRQKnZ6WEjol;Classic Lorient Agglomération (GP Plouay);;Classic Lorient Agglomération (GP Plouay);;;
OGwK8nbKNbu5m6piUYau;Classic Var;;Classic Var;;;
560VvnAXV0OwIYi1lvFs;Classic Velox Adélie de Vitré;;Classic Velox Adélie de Vitré;;;
FoJNjtj1ex8AemXhlGmo;Clàssica Camp de Morvedre;;Clàssica Camp de Morvedre;;;
N6hR3zKH2EHgNnhXZUfa;Clàssica CV 1969 - Gran Premi València;;Clàssica CV - Gran Premi València;;;
ZNbbxt6M8j8G0yJ7bkPt;Clàssica Terres de l'Ebre;;Clàssica Terres de l'Ebre;;;
Ya0nzwsI8LJzLTDHiYrZ;Classique Dunkerque / GP Hauts de France;;Classique Dunkerque / GP Hauts de France;;;
cMlovIn93rdUWRvfptZN;Copenhagen Sprint;;Copenhagen Sprint;;;
DnhlcUCroLfRLjUEvKuo;Copenhagen Sprint femenino;;Copenhagen Sprint Women;;;
7EaQbPD8WMt62RnUrsDb;Coppa Agostoni - Giro delle Brianze;;Coppa Agostoni - Giro delle Brianze;;;
qfFa7TNMsJlrVg6a2ELP;Coppa Bernocchi - GP Banco BPM;;Coppa Bernocchi - GP Banco BPM;;;
66mCQKYJ10FQhemNpQue;Coppa Città di San Daniele;;Coppa Città di San Daniele;;;
sPuPtjDUEu6sy447HmWg;Coppa della Pace;;Coppa della Pace;;;
jpzLVkJSvF75GFzaYnwn;Coppa Sabatini;;Coppa Sabatini;;;
1x03Ty91oNjOzr3Lxx3j;Course de Solidarnosc et des Champions Olympiques;;Course de Solidarnosc et des Champions Olympiques;;;
IYTeiZ9kHMu05ZsG8ZQ8;CRO Race;;CRO Race;;;
Pp9tk2umqckG18rPC88i;Cuatro Días de Dunkerque;4 Jours de Dunkerque;4 Jours de Dunkerque;;;
CuuKI2prTjhXvVzhpfv8;Cyclassics Hamburgo;;Cyclassics Hamburg;;;
O7xuBodAwNoOzhDqHlNY;Desafio das Américas;;Desafio das Américas;;;
icMI5o2umHmwIaAwj97g;Dhofar Classic;;Dhofar Classic;;;
BZtVX5rhaxW4gtnv9coY;Dooko_a Mazowsza;;Tour of Mazovia;;;
fcTGheEq34mrIkBAWrcR;Dorpenomloop Rucphen;;Dorpenomloop Rucphen;;;
qkAHvzo6G8KbLjHeqPr4;Due Giorni Marchigiana - GP Città di Castelfidardo;;Due Giorni Marchigiana - GP Città di Castelfidardo;;;
nMbxha7Arbd1FdxZUQug;Due Giorni Marchigiana - GP Santa Rita;;Due Giorni Marchigiana - GP Santa Rita;;;
yrlPLNriNxi80AmoGF2w;Durango-Durango Emakumeen Saria;;Durango-Durango Emakumeen Saria;;;
jocfGwQgw5JwUqOqhnQn;Dwars door de Westhoek;;Dwars door de Westhoek;;;
kRRClsEOAXjGigmhHvFn;Dwars door het Hageland;;Dwars door het Hageland;;;
F15IAHY9uwZx47vvIrCU;Dwars door Wingene;;Dwars door Wingene;;;
8mQAjZdXR6stQ2AzLKgS;E3 Saxo Classic Harelbeke;;E3 Saxo Classic Harelbeke;;;
hI5WjSSBjnFPfOdoUcEV;Egmont Race Women;;Egmont Race Women;;;
0LYfgZbKCEiB5a0eZyF4;Ename Samyn Classic;;Ename Samyn Classic;;;
j2REhQvcK4cHM0dZE64d;EPZ Omloop van Borsele;;EPZ Omloop van Borsele;;;
ebEVJOxP4F3kGmv0uLRx;Eschborn-Frankfurt;;Eschborn-Frankfurt;;;
RrtAIWw1V1AnU1yWIswT;Estrella de Bessèges;Étoile de Bessèges;Étoile de Bessèges;;;
a7oUBNf4NSKPzFUlsRak;Famenne Ardenne Classic;;Famenne Ardenne Classic;;;
SNs9zxGSufqFcLsa6LFk;Faun-Ardèche Classic;;Faun-Ardèche Classic;;;
MkEhjXwT3OhOO1xKtjKF;Faun-Drôme Classic;;Faun-Drôme Classic;;;
iKBdFAFakpWPg746zwtB;Festival Elsy Jacobs - Ciudad de Luxemburgo;;Festival Elsy Jacobs - City of Luxembourg;;;
MEBV8IP9n6BMaoO0FNs5;Festival Elsy Jacobs - Garnich;;Festival Elsy Jacobs - Garnich;;;
dlvz7PKVwVAJvC7mvhSK;Figueira Champions Classic;;Figueira Champions Classic;;;
8jKwi6UVEMCPBP3qofHZ;Flanders Tomorrow Tour;;Flanders Tomorrow Tour;;;
naJFBEfLJk0hCKAXsP6B;Flandrien 0.0 Classic (Super-8);;Flandrien 0.0 Classic (Super-8);;;
Igu0hEEjR1guSj1h7LGh;Flecha de Brabante;Brabantse Pijl;Brabantse Pijl;;;
G0fwKYG9wc9YELCTnePe;Flecha de Brabante femenina;Brabantse Pijl;Brabantse Pijl;;;
syFrX7H8269fIaES4Mb4;Flecha Valona;;Flèche Wallonne;;;
KAVqBjCzjsQR6WbLAecF;Flecha Valona femenina;Flèche Wallonne Femmes;Flèche Wallonne Femmes;;;
wDoKOKMLwuVHwqrj5rma;Flèche Ardennaise;;Flèche Ardennaise;;;
LI7vQ4pWQ0Q389JqcqbF;Flèche du Sud;;Flèche du Sud;;;
9XPVr8z57BfrYfMJAPai;Fyen Rundt;;Fyen Rundt;;;
I8jEH45Mk85o9OkHoP3G;Giro de Italia;;Giro d'Italia;;;
lkXsD0gBvYcS7poyYgIg;Giro de Italia femenino;;Giro d'Italia Women;;;
HzQzw6J06Kzvwt7nmxCd;Giro de los Apeninos;Giro dell'Appennino;Giro dell'Appennino;;;
0spPZuEtBfNApsJxOHqP;Giro de los Apeninos femenino;Giro dell'Appennino Donne;Giro dell'Appennino Donne;;;
dV3NqrVj9oqsGoIBQXQM;Giro del Belvedere;;Giro del Belvedere;;;
b73pswPKBlL1qAwPF3Yt;Giro del Medio Brenta;;Giro del Medio Brenta;;;
zOLUpSKhgMuHCClW9U5o;Giro del Veneto;;Giro del Veneto;;;
56aOwl9Qq9SQ2MLgDbbi;Giro dell'Emilia;;Giro dell'Emilia;;;
10QSsvdyNCy7aYueQC1i;Giro dell'Emilia femenino;;Giro dell'Emilia Donne;;;
J7MSw6W7RRS3nGMCQYRQ;Giro della Magna Grecia;;Giro della Magna Grecia;;;
ZLqWKPZicoeXLd8lWvBK;Giro della Provincia di Biella;;Giro della Provincia di Biella;;;
OjrhuYxAphyNKvxSh87c;Giro della Regione Friuli Venezia Giulia;;Giro della Regione Friuli Venezia Giulia;;;
wBHoSZfvZxevrX3kWufG;Giro Della Romagna;;Giro Della Romagna;;;
fGhvakb6C8SGIdCLyNrL;Giro della Toscana;;Giro della Toscana;;;
O0bkfpB8NwIGL5LgvtUP;Giro della Valle d'Aosta;;Giro della Valle d'Aosta;;;
cicC0vRXup8bPHr4KgkR;Giro di Reggio Calabria;;Giro di Reggio Calabria;;;
jJgiRXcFTIS5j2tzA7Jf;Giro di Sardegna;;Giro di Sardegna;;;
2HBSQ7WPRyllLFKMnnjq;Giro Mediterraneo in Rosa;;Giro Mediterraneo in Rosa;;;
WceHUBiLcq06ZS03tRGn;Giro Next Gen;;Giro Next Gen;;;
SonwvSOiEcwDV2xf5bTu;Gooikse Pijl;;Gooikse Pijl;;;
GW0fvNGPGIzaLnh1YTBQ;GP Anicolor;;GP Anicolor;;;
Dx4K7n1COp1mVr215YPt;GP Beiras e Serra da Estrela;;GP Beiras e Serra da Estrela;;;
Y0dCyFY0DBmRzMi3eVRM;GP Brda-Collio;;GP Brda-Collio;;;
nfEYyPO7cteHdqZsM1dG;GP Capodarco;;GP Capodarco;;;
74n5isQgrQ85Mov1ptJ5;GP Castellón - Ruta de la Cerámica;;GP Castellón - Ruta de la Cerámica;;;
QxxiZtrAliXxQiV7lxSR;GP Ciudad de Eibar;;GP Ciudad de Eibar;;;
FSs79L4hfSOTlJejXaV5;GP Colli Rovescalesi - Trofeo Enertrade;;GP Colli Rovescalesi - Trofeo Enertrade;;;
qTplFp1l2xZeKxcdtywE;GP de Fourmies / La Voix du Nord;;GP de Fourmies / La Voix du Nord;;;
QIQcetEKNsRC7rIwAT0t;GP de la Villa de Argel;;GP de la Villa de Argel;;;
6NbeLIBFDcuCgOf3XDVp;GP de Nogent-sur-Oise;;GP de Nogent-sur-Oise;;;
8iR8Q24hDpZZcdswHX8T;GP Denain;;GP Denain;;;
SEl8MaplhdCNwC2IkYBR;GP Emilia;;GP Emilia;;;
XrUexbdD3PPpOSvgxX8y;GP Gippingen;;GP Gippingen;;;
Czt3f4X60E4A44KlHnHE;GP Herning;;GP Herning;;;
yb4tjWeNJ4kYkcCKLS0z;GP Industria & Artigianato-Larciano;;GP Industria & Artigianato-Larciano;;;
zi8qc5voMdYvWMjQRfoU;GP Industrie del Marmo;;GP Industrie del Marmo;;;
D4wl72Uhze9QmEBT6nCj;GP Jean-Pierre Monseré;;GP Jean-Pierre Monseré;;;
qeNuPjvBsUPegB8qH0Em;GP Kranj;;GP Kranj;;;
dqupSRYkldWEsP4I19Mm;GP Liberazione;;GP Liberazione;;;
eW4T1t2zSF4aVRSAE2EK;GP Liberazione Donne;;GP Liberazione Donne;;;
Egstdj7vCvzNeabShZNx;GP Lucien Van Impe;;GP Lucien Van Impe;;;
VRaGcTVljAbo1ZEglDkp;GP Mazda Schelkens;;GP Mazda Schelkens;;;
GXYfZA3T3ts40D8UXljr;GP Miguel Indurain;;GP Miguel Indurain;;;
xDnSvI7lYJw2iYEyLrVr;GP Montréal;;GP Montréal;;;
y5AQbvzfzsJxnRlPf1ju;GP Palio del Recioto;;GP Palio del Recioto;;;
mWQDeB3Ud7CHDGCX5YH4;GP Primavera-Ontur;;GP Primavera-Ontur;;;
zBkVddn6lCLoKMTPrHsl;GP Québec;;GP Québec;;;
EzOP85PL2zwG6Oer7bXS;GP Rik Van Looy;;GP Rik Van Looy;;;
fw7uClktrEQTsciUrQId;GP Schellebelle;;GP Schellebelle;;;
WofHacOLThhdV79Ygb3B;GP Slovenian Istria;;GP Slovenian Istria;;;
hLQJXQravOcZDlQFZCyB;GP Sportivi di Poggiana;;GP Sportivi di Poggiana;;;
4F8OIuGR7z9zJa86hbto;GP Torres Vedras - Trofeu Joaquim Agostinho;;GP Torres Vedras - Trofeu Joaquim Agostinho;;;
zP8heo7y0zt66ebuwQAQ;GP Vorarlberg;;GP Vorarlberg;;;
46D7skKM60DzIZnoRBXu;GP Yvonne Reynders;;GP Yvonne Reynders;;;
TuHxQYN9jDwmQvrSjEZP;Gracia Orlová;;Gracia Orlová;;;
je3fvnN7zfnhVlMBVULW;Gran Piemonte;;Gran Piemonte;;;
DTMkE5TmHg9YDF470qky;Gran Premio del Lazio;;Gran Premio del Lazio;;;
vv4hzPpepo7CgvpfFms1;Gran Premio La Marsellesa;;Gran Prix de la Marseillaise;;;
98XtnPnkgE9kvpkshsue;Gran Premio New York City;;Gran Premio New York City;;;
xKIGCSjgG8SE7vbTg7bF;Gran Prix Chiriquí;;Gran Prix Chiriquí;;;
Tme0dkaIPUhOHog6nX37;Gran Prix Chitre;;Gran Prix Chitre;;;
AjCxtAuJ6He2FFUu0Msz;Gran Prix Panamá;;Gran Prix Panamá;;;
rR3HkEWO138bjBLP4gYv;Grand Prix Alaiye;;Grand Prix Alaiye;;;
zHdpVvjNe4nGzmFaxD11;Grand Prix Alaiye femenino;;Grand Prix Alaiye Women;;;
wf1m6HYrrnubSkgiiFiu;Grand Prix Alanya;;Grand Prix Alanya;;;
raBQmJSrCH0GBNsDQ32N;Grand Prix Antalya;;Grand Prix Antalya;;;
hwYhjhzhPRNgi3BomwpY;Grand Prix Apollon Temple;;Grand Prix Apollon Temple;;;
l8cYBeSsL8Kvc93xC1wM;Grand Prix Apollon Temple femenino;;Grand Prix Apollon Temple Women;;;
qAvoEr0AnHfE8jUoS9Td;Grand Prix Cerami;;Grand Prix Cerami;;;
6VaFa9VIWUwS0UEWUHgr;Grand Prix Chantal Biya;;Grand Prix Chantal Biya;;;
nIzO5S8H2FFWlx620Jyi;Grand Prix Criquielion;;Grand Prix Criquielion;;;
LSkZxs95KeyYnvejONAp;Grand Prix d'Isbergues - Pas de Calais;;Grand Prix d'Isbergues - Pas-de-Calais;;;
9ftMliBlffFeSFNdHAHu;Grand Prix d'Ongola;;Grand Prix d'Ongola;;;
s8Nk7N83ddJ8CLMKIUrT;Grand Prix Davraz;;Grand Prix Davraz;;;
bgIhUD1z46tx7zex8jRx;Grand Prix de la Somme Conseil Départemental 80;;Grand Prix de la Somme Conseil Départemental 80;;;
SJbB52Wky1J0F6LziIcv;Grand Prix de la ville de Cotonou;;Grand Prix de la ville de Cotonou;;;
SX74MuCnYR17dtOWZk02;Grand Prix de la ville de Pérenchies;;Grand Prix de la ville de Pérenchies;;;
Q0vSA4rkE9yBpAXGGia7;Grand Prix de Lillers;;Grand Prix de Lillers;;;
pNkd3Hguq2gWJqBVnP1R;Grand Prix de Oriente;;Grand Prix de Oriente;;;
ZElvTrtAZLKFakGQwnwV;Grand Prix de Wallonie;;Grand Prix de Wallonie;;;
bTJWucza8OlotIP9x0mJ;Grand Prix de Wallonie Dames;;Grand Prix de Wallonie Dames;;;
cgSedhFR62XpyHmNDzs7;Grand Prix des Amazones;;Grand Prix des Amazones;;;
AnNJh4FAH50GxBLv9h7L;Grand Prix du Morbihan;;Grand Prix du Morbihan;;;
mPr0QX9ybLcKWMjMry1N;Grand Prix du Morbihan Femmes;;Grand Prix du Morbihan Femmes;;;
ugdfP4FzXvL7SwaIqZPI;Grand Prix El Djazaïr;;Grand Prix El Djazaïr;;;
7jHNeH8PqaoSRHxebFhn;Grand Prix El Salvador;;Grand Prix El Salvador;;;
QXryJLOoYzHXFDjvODZw;Grand Prix Féminin de Chambéry;;Grand Prix Féminin de Chambéry;;;
PzUgNcfj3qzue0bpeNzk;Grand Prix Fergana;;Grand Prix Fergana;;;
uQG1yWJfDB5UI1GocqGU;Grand Prix Fergana Ladies;;Grand Prix Fergana Ladies;;;
fGvZVYzUd7pU6O0h4f1y;Grand Prix Gölcük;;Grand Prix Gölcük;;;
144K9kapnz6BHkGomEb9;Grand Prix Isparta;;Grand Prix Isparta;;;
ByODVSj43EMpssXsmSvw;Grand Prix Jizzakh;;Grand Prix Jizzakh;;;
ODsazjRk82753IfXQQOl;Grand Prix Jizzakh Ladies;;Grand Prix Jizzakh Ladies;;;
60xNlgLkwHGJ1V92SmVM;Grand Prix Longitudinal del Norte;;Grand Prix Longitudinal del Norte;;;
XLYk4g0L10C4PDVg3Cjc;Grand Prix Navoi;;Grand Prix Navoi;;;
ONc6mBGZnqvrGV5ojsoc;Grand Prix Navoi femenino;;Grand Prix Navoi Women;;;
zFei5xYMvIMQ73RinZL7;Grand Prix Pedalia;;Grand Prix Pedalia;;;
iHbnRfB1xkImA6FYm54F;Grand Prix Region Stuttgart;;Grand Prix Region Stuttgart;;;
cxr176nznBWcG529bOaB;Grand Prix Rose;;Grand Prix Rose;;;
RBYyNFnYOrmD1Vuo0ylH;Grand Prix San Salvador;;Grand Prix San Salvador;;;
tQceZjdbfpcZlDteMdpf;Grand Prix Syedra Ancient City;;Grand Prix Syedra Ancient City;;;
pPQb1rlnG2ZHjp55QFPj;Grote Prijs CHW Beveren;;Grote Prijs CHW Beveren;;;
a1RcHgxza2UPhlXb3elb;Herald Sun Tour;;Herald Sun Tour;;;
aLkCJmtyjI7qWNThHCnC;Herald Sun Tour femenino;;Herald Sun Tour Women;;;
Um8J8KLBfuslDe2W0bDx;Heylen Vastgoed Heistse Pijl;;Heylen Vastgoed Heistse Pijl;;;
OFLf5B571GLqFoTs8cJS;Il Giro d'Abruzzo;;Il Giro d'Abruzzo;;;
xFUyKjsXhfypjsuzvABZ;Il Lombardia;;Il Lombardia;;;
M4voWInPQkXP9r2Mo5Ip;Il Lombardia sub23;;Il Lombardia sub23;;;
0Sb74D65l3gUiIDX0JLN;In Flanders Fields (Gante-Wevelgem);;In Flanders Fields (Gante-Wevelgem);;;
lhy2zooIdwCYAV5iCbwT;In Flanders Fields femenina (Gante-Wevelgem);;In Flanders Fields Women (Gante-Wevelgem);;;
RM8rzDjFlmw4c9E61P7N;In Flanders Fields sub23 (Kattekoers / Ieper);;In Flanders Fields U23 (Kattekoers / Ieper);;;
BGBQxoHQGWWA3RXqScGX;Istrian Spring Tour;;Istrian Spring Tour;;;
bc1rMXhiMd3vP2ObdXQE;Itzulia Basque Country;Vuelta al País Vasco;Itzulia Basque Country;;;
aSVVmbA6FBTrn6pqOTsh;Itzulia Women;Vuelta al País Vasco femenina;Itzulia Women;;;
YpXeh4x7f7jJcsAAhXsK;Ixina Classic - GP Stad Halle;;Ixina Classic - GP Stad Halle;;;
gkhofMIYgkqVUnDqpGX1;IXINA Leeuw-Oetingen;;IXINA Leeuw-Oetingen;;;
8ClP1xed3wUt33g7NZde;Jamaica International Cycling Classic;;Jamaica International Cycling Classic;;;
wyPulMAO9ifb8EIobUsV;Konvert Kortrijk Koerse;;Konvert Kortrijk Koerse;;;
tvXsn05qNn1Waz7V9pEi;Kreiz Breizh;;Kreiz Breizh;;;
Dj73W2yn1T24QuIt5r2m;Kreiz Breizh Elites Féminin;;Kreiz Breizh Elites Féminin;;;
apxsgDf99saaAeLft53a;Kuurne-Bruselas-Kuurne;Kuurne-Brussel-Kuurne;Kuurne-Brussel-Kuurne;;;
SzXK9iYZJ4RhchnMYiqS;La Choralis Fourmies Féminine;;La Choralis Fourmies Féminine;;;
fNZ1y5R9Qo4cNI2ZxnBn;La Classique Morbihan;;La Classique Morbihan;;;
LLacEqTGenn5AxN7KQfR;La Périgord Ladies;;La Périgord Ladies;;;
fFHZgqUY5dSEerzTpRa6;La Picto en Nouvelle-Aquitaine;;Tour of Nouvelle-Aquitaine;;;
k9QjU6qsXeHZtVLdVjDw;La Polynormande;;La Polynormande;;;
ZSuZlScT9k1WpjjAMr6b;La Roue Tourangelle;;La Roue Tourangelle;;;
EwtHYhBYrTwdKolDQD1Q;La Vuelta;;La Vuelta;;;
taQ8W871nGdN2U2z6s2r;La Vuelta Femenina;;La Vuelta Femenina;;;
iWkaNtg92f5Hb1p93GZS;Le Tour de Filipinas;;Tour of the Philippines;;;
5vzUvaKoEZMTSaH706TY;Lieja-Bastoña-Lieja;Liège-Bastogne-Liège;Liège–Bastogne–Liège;;;
DwEfRjltpmp9BF2UgHut;Lieja-Bastoña-Lieja femenina;Liège-Bastogne-Liège Femmes;Liège–Bastogne–Liège Femmes;;;
yfGuui2JJLEF2gUbzsoV;Lieja-Bastoña-Lieja sub23;Liège-Bastogne-Liège;Liège-Bastogne-Liège Espoirs;;;
GPSGP6tOIDeHtzPe8oLH;LOTTO Thüringen Women Challenge;;LOTTO Thüringen Women Challenge;;;
9EFNhASFWJMJA17kWqLn;Lyon-Turín;;Lyon-Turin;;;
DQGUsK7WcVahshH2lnTe;Maryland Classic;;Maryland Classic;;;
7WPWu2Scrf6UdHVaMgsV;Maryland Classic femenina;;Maryland Classic Women;;;
l8LQtcKX4GjianXG9xLt;Memoria_ Andrzeja Trochanowskiego;;Andrzej Trochanowski Memorial;;;
x94DMD02bEe2BnSTAoEd;Memorial Marco Pantani;;Memorial Marco Pantani;;;
3thoyKfMutnkyq9bZbvO;Mercan'Tour Classic Alpes-Maritimes;;Mercan'Tour Classic Alpes-Maritimes;;;
yLryYtuioff65Cmx181l;Midden-Brabant Poort Omloop;;Midden-Brabant Poort Omloop;;;
qqnuBBhoZMKiJ3mnmorO;Midwest Classic;;Midwest Classic;;;
YE4NMKR6M7COxmxErNGA;Milán-San Remo;;Milano-Sanremo;;;
wSQTjbyJbZQnr7VOPIes;Milán-Turín;Milano-Torino;Milano-Torino;;;
REeoRUJ3vKCMansPwevW;Mirabelle Classic;;Mirabelle Classic;;;
sum8OBuK1NuCs4wt90Eh;Mur de Huy Classic;;Flèche Wallonne;;;
Lt0QSacy0mtBb5YVrmit;Muscat Classic;;Muscat Classic;;;
IHf7H1vVT7vFUpY2qyG2;Muur Classic Geraardsbergen;;Muur Classic Geraardsbergen;;;
dSlFW31kLYo2dFVm2oTt;Muur Classic Geraardsbergen femenina;;Muur Classic Geraardsbergen Women;;;
sNEevC7RHu23X881Yp7M;Navarra Women's Elite Classics;;Navarra Women's Elite Classics;;;
FmHVHjiKR71monr7z6jh;Nokere Koerse;;Nokere Koerse;;;
DksUVrDPyRmga7D8qEzE;Nokere Koerse femenina;;Nokere Koerse Women;;;
mG2yd0g1xMlczyqieIHV;NXT Classic;;NXT Classic;;;
swX2bhVSpW63MS9elU8t;NXT Classic femenina;;NXT Women's Classic;;;
aAwDfweQ91NKICDvrvXL;O Gran Camiño;;O Gran Camiño;;;
lwZraFOlJMhV1IKOENQP;Oita Urban Classic Road Race;;Oita Urban Classic Road Race;;;
mBftAo2iKjao2onrymcc;Olympia's Tour;;Olympia's Tour;;;
6jfCEFVzuyxmVS7THjVw;Omloop der Kempen;;Omloop der Kempen;;;
FpD6PhW08Ra2lyj43aAE;Omloop der Kempen Ladies;;Omloop der Kempen Ladies;;;
ZLKXm8puVf4ajW5Aj9ea;Omloop Nieuwsblad;;Omloop Het Nieuwsblad;;;
YW8nl3zVs5k8UEWPLfnM;Omloop Nieuwsblad femenino;;Omloop Het Nieuwsblad Women;;;
sHeK2PQtyEbKZYD6EC7m;Omloop van de Braakman;;Omloop van de Braakman;;;
i6DfK8mn2Baddpx2Yjnt;Omloop van het Hageland;;Omloop van het Hageland;;;
McZvHpRWMIp2JaYhTez0;Omloop van het Houtland;;Omloop van het Houtland;;;
D6rCAE9eQxYt5v37QFyZ;Omloop van het Waasland;;Omloop van het Waasland;;;
3K19V3QVLufFhi2Otw9x;Orlen Nations Grand Prix;;Orlen Nations Grand Prix;;;
PE47w2i7LD2fP2GpBsP8;París-Camembert;;Paris-Camembert;;;
uG5UYq2ukf7BV78myAft;París-Chauny;;Paris-Chauny;;;
loiszKIoSS4unRCoKcZA;París-Niza;;Paris-Nice;;;
Q4N2KDBLHItTpJhToIUQ;París-Roubaix;;Paris-Roubaix;;;
p0joyCxiXJU5mYFsRe12;París-Roubaix femenina;Paris-Roubaix Femmes Hauts-de-France;Paris-Roubaix Femmes;;;
AwsCPUcudhW6BgRCYX1Y;París-Roubaix sub23;Paris-Roubaix Espoirs;Paris-Roubaix Espoirs;;;
6SLYfhgQdKjKFlhf8W5r;París-Tours;;Paris-Tours;;;
JfA1Mm1xvYizVSKvQN6S;París-Tours sub23;;Paris-Tours U23;;;
S8NbMFLT2UEYEdet5WbL;París-Troyes;;Paris-Troyes;;;
7TS8g3lC3gzRic1FrrOV;Petronas Le Tour de Langkawi;;Petronas Le Tour de Langkawi;;;
Hclok99T2dNFGw8kMRYU;Philadelphia Classic;;Philadelphia Classic;;;
IJrOhkMKjXYJBD7OkzSG;Philadelphia Classic femenina;;Philly Cycling Classic;;;
Jnv2125Ad11ejLrV7cLy;Pionera Race;;Pionera Race;;;
0Fn3yh5iahWbjDnU17kM;Pointe du Raz Ladies Classic;;Pointe du Raz Ladies Classic;;;
JUIjkajHIhiepFDls4dB;Popolarissima;;Popolarissima;;;
NdbBARy6dXKE50dG6uP2;Porec Classic;;Pore_ Classic;;;
0grPn45wjsYotJ0mcHjd;Porec Classic femenina;;Pore_ Classic Women;;;
SfvJ5yGQzAxj2ptaEYCV;Premondiale Giro Toscana - Memorial Michela Fanini;;Premondiale Giro Toscana - Memorial Michela Fanini;;;
EtLrUvywMSIZnJ34oQzu;Princess Anna Vasa Tour;;Princess Anna Vasa Tour;;;
rZ9phbWDLPPVSHOBBNm3;Puchar MON;;Puchar MON;;;
UIyFhhMqPQ2ofRJ0d2pA;Pune Grand Tour;;Pune Grand Tour;;;
TTotMBi3Sc86OoAp905Q;Region on Dodecanese GP;;Tour of Rhodes;;;
X25xnEfSe252CEyqT4YM;Région Pays de la Loire Tour;;Région Pays de la Loire Tour;;;
GuVgQ5Ujlovi7GGeeNcR;Région Pays de la Loire Tour - Féminin;;Région Pays de la Loire Tour - Féminin;;;
Jf4LYORrMk0GzO2pHwms;Respect Ladies Race Slovakia;;Respect Ladies Race Slovakia;;;
p9RQTzrPkHQ7ma7NnQVD;Rhodes GP;;Rhodes GP;;;
Q28YPt9rVsEsD4PIxaAj;Ringerike GP;;Ringerike GP;;;
oKgtOYhtofwRDssE3HAH;Ronde de l'Isard;;Ronde de l'Isard;;;
xlMjZ1aVsNgh9NOqNKKt;Ronde de l'Oise;;Ronde de l'Oise;;;
nPfJqIs9H8D5QWjHsVKl;Ronde de Mouscron;;Ronde de Mouscron;;;
xa7XvYCljNRbDfKwyfac;Ronde van de Achterhoek;;Tour of the Achterhoek;;;
eFKpwp7W1AwhRzrYp00j;Ronde van Overijssel;;Ronde van Overijssel;;;
mO9XZckBWBfkE89ZLTEI;Ruota d'Oro - GP Festa del Perdono;;Ruota d'Oro - GP Festa del Perdono;;;
RYfbJykI6YZBBJ7m7sME;Ruta de Occitania;Route d'Occitanie;Route d'Occitanie;;;
LWHcfkm4kU37bSaFNrR5;Rutland-Melton Classic;;Rutland-Melton Classic;;;
gZfbNBEeHYO15IunEMV2;Sanremo Women;;Sanremo Women;;;
u0X6kwYDHLX9XiakfPh1;Santos Women's One Day Race;;Santos Women's One Day Race;;;
hSIqqUXZsCBKidT6DCnY;Sauerlandrundfahrt;;Tour of the Sauerland;;;
dBA3bFGPBy8ntRRIna7H;Scheldeprijs;GP Escalda;Scheldeprijs;;;
y295w9MexykvneHuHY1w;Scheldeprijs femenino;GP Escalda femenino;Scheldeprijs Dames;;;
wwtb6XvUwj4tXC5vLkKO;Setmana Valenciana;;Setmana Valenciana;;;
lmpKfRl0BZmaZnPNQ1su;Settimana Coppi e Bartali;;Settimana Coppi e Bartali;;;
W989yUqImXadtXZE2jIz;Sibiu Tour;;Sibiu Tour;;;
1I4MoiF5w8EfAOSEff4A;Simac Ladies Tour of Holland;;Simac Ladies Tour of Holland;;;
q5DQN1cunfXBLh1cP73u;Skoda Tour de Luxembourg;;Skoda Tour de Luxembourg;;;
RPkDEwNAke2zuoNrrc0A;Slag om Norg;;Slag om Norg;;;
tvSFtpQVXfjRMmQVc8IX;Slag om Woensdrecht;;Slag om Woensdrecht;;;
A4oV925xVs27lBG8NJSK;Slezanski Mnich - Bruki & Szutry;;Silesian Monk - Cobbles & Gravel;;;
F5PZVpDHFasZs3m66M60;SPAR Flanders Diamond Tour;;SPAR Flanders Diamond Tour;;;
hIxl2G2wMsd1obEWHqau;Sparkassen Münsterland Giro;;Sparkassen Münsterland Giro;;;
KClWUhoqgj1HnRT5VVO9;Ster van Zwolle;;Ster van Zwolle;;;
3GfZXTOSyJl7dkvGVjta;Strade Bianche;;Strade Bianche;;;
SjGQ8rXT62HOIjIHAJ9d;Strade Bianche femenina;;Strade Bianche Women Elite;;;
77NFZKQRatXSauft9TaW;Sun Hung Kai Properties Hong Kong Cyclothon;;Sun Hung Kai Properties Hong Kong Cyclothon;;;
ri1O9CyvDOsrU6VhzEzK;Sundvolden GP;;Sundvolden GP;;;
NHLBkywo0BtvamRLWPiE;Surf Coast Classic;;Surf Coast Classic;;;
I9rkxi7z6O5GipKS72Vo;Surf Coast Classic femenina;;Surf Coast Classic Women;;;
hk5RlgOTcBCtFFd3bWGR;Tirreno Adriático;;Tirreno-Adriatico;;;
ypyYoME1gtFtdci2sY2n;Tour Auvernia-Ródano-Alpes (Dauphiné);;Tour Auvergne-Rhône-Alpes (Dauphiné);;;
SVQY8RWAefyhu6KzqxJn;Tour Colombia;;Tour Colombia;;;
t5hr0E5eDp5U4i9EhGWN;Tour de Alsacia;Tour Alsace;Tour Alsace;;;
t3lzw8XKa6CfxIB6F45k;Tour de Armenia;;Tour of Armenia;;;
KFYqeExu9DToerlStIHA;Tour de Banyuwangi Ijen;;Tour de Banyuwangi Ijen;;;
ldoswiYB2ygc2jYBbUqI;Tour de Beauce;;Tour de Beauce;;;
XjZbYm7wyeXw3shYVrVs;Tour de Benín;;Tour of Benin;;;
ncK2h82y4wDtL0nQrmYX;Tour de Bintan;;Tour de Bintan;;;
MsjC2N4NavjgepxNe1j8;Tour de Bloom;;Tour de Bloom;;;
PrXNRONDyy5OgGZl2Iif;Tour de Bosnia y Herzegovina;;Tour of Bosnia and Herzegovina;;;
NiCwcbJqZWegG6jgy1fp;Tour de Bretaña;Tour de Bretagne;Tour de Bretagne;;;
Co1ETsznJ0GggetQgb7t;Tour de Brujas;Ronde van Brugge;Ronde van Brugge;;;
Z69LvRSzCTaFd5hLuzwB;Tour de Brujas femenino;Ronde van Brugge;Ronde van Brugge Women;;;
Dx0vXALzRzqkdHZrrTjN;Tour de Bulgaria;;Tour de Bulgaria;;;
HJvTOSHaGL2n1wQYMzyi;Tour de Eslovaquia;Okolo Slovenska;Okolo Slovenska / Tour de Slovaquie;;;
RkkdTJs7aVXQ1spPshAE;Tour de Estonia;;Tour of Estonia;;;
Ow3XhVrUT86HLQD0WUu5;Tour de Estonia femenino;;Tour of Estonia Women;;;
9NXgWNByI07sbSBNILNJ;Tour de Feminin;;Tour de Feminin;;;
Ze89caBHhfU3jaUFeLzs;Tour de Flandes;Ronde van Vlaanderen;Ronde van Vlaanderen;;;
fROvvqtYiq1aISaMKg7t;Tour de Flandes femenino;Ronde van Vlaanderen;Ronde van Vlaanderen Women;;;
u5p2npjYLwduznQbDY4e;Tour de Francia;;Tour de France;;;
Ek8WMTm5tnhm6mP0KQd5;Tour de Francia femenino;;Tour de France Femmes;;;
TD9IWVXFbpUunj65JChV;Tour de Gatineau;;Tour de Gatineau;;;
LZlwgYbTILUJSgk0pTUj;Tour de Guangxi;;Tour de Guangxi;;;
KzX54MCMESSIoECCOFiq;Tour de Guangxi femenino;;Tour of Guangxi Women;;;
2LyzSaDVB1ekvixFz8GB;Tour de Gyeongnam;;Tour de Gyeongnam;;;
ZzWMYTFH0afZbkK5DyJg;Tour de Japón;;Tour of Japan;;;
EGuFdWRiFmx4CJLn0EBx;Tour de Korea;;Tour de Korea;;;
hvt8UBantb2nxYtWZ4xu;Tour de Kumano;;Tour de Kumano;;;
x32j1zbtdww6vUQNdFAe;Tour de Kyushu;;Tour de Kyushu;;;
qpicxChPFHstBQTd4g7J;Tour de l'Ain;;Tour de l'Ain;;;
cQE07YXcgVO9ROWvi90Z;Tour de la Guadeloupe;;Tour de la Guadeloupe;;;
6kbWILHYKpW7M5HZCLgE;Tour de la Isla de Chongming;Tour of Chongming Island;Tour of Chongming Island;;;
WoleFYOEaVUySnhVetM5;Tour de la Mirabelle;;Tour de la Mirabelle;;;
x38FjbhYuHHqxI23VgBE;Tour de La Provence;;Tour de La Provence;;;
XX3MPofpSyS7nZlZWcYF;Tour de las Once Ciudades (Elfstedenronde);Elfstedenronde;Tour of the Eleven Cities;;;
yy8brno3IQGClv15djdO;Tour de Limburgo;Ronde van Limburg;Tour of Limburg;;;
JprBH3L0ScmQUZ3JRYUe;Tour de Lituania;;Tour of Lithuania;;;
2kYllyMDnHF4dlKHb9zg;Tour de los Alpes Marítimos;;Tour des Alpes Maritimes et du Var;;;
SdyXyCdYBmlfzduo0NHy;Tour de los Pirineos;;Tour of the Pyrenees;;;
Q9IsMS2v0DXMny8CtWk6;Tour de Marruecos;Tour du Maroc;Tour of Morocco;;;
LkpwfIcw8qBGAdJy9nlq;Tour de Mauricio;;Tour of Mauritius;;;
GzDetXUUo8n79XNcpqqD;Tour de Omán;;Tour of Oman;;;
xJuzvy4lEh991X1gLNSF;Tour de Romandía;;Tour de Romandie;;;
l0YsQyHvbp6OMoQTJhfl;Tour de Romandía femenino;;Tour de Romandie Women;;;
5cCw09w6wsJJrdfewF02;Tour de Ruanda;;Tour of Rwanda;;;
7sqnmqpQHhSXMFFdUNST;Tour de Serbia;;Tour of Serbia;;;
feB5UurIoEYHdc46QfS2;Tour de Tailandia;;Tour of Thailand;;;
slMOkzl21rrFF9tjlE0E;Tour de Tailandia femenino;;Tour of Thailand Women's;;;
VPXA3LFzbXXIWO3co8WH;Tour de Taiwán;;Tour of Taiwan;;;
qse7WZELDvEYXDZdMjtS;Tour de Valonia;;Tour de Wallonie;;;
YjYsCLj3npCZd9jahHXN;Tour de Vendée;;Tour de Vendée;;;
r81IcUWHdUx3AFLoGW0J;Tour de Vietnam;;Tour de Vietnam;;;
njqLb1bcUyokB5zOsUFV;Tour del Benelux (Renewi Tour);;Tour of Benelux (Renewi Tour);;;
yCUZx212nhhYZKLx14F5;Tour del Porvenir;Tour de l'Avenir;Tour de l'Avenir;;;
rPiJdOKWlw5Mzi8Yw6OX;Tour des 100 Communes;;Tour of the 100 Communes;;;
eUalC2NKoHkyyr3onrQ8;Tour do Rio;;Tour of Rio;;;
RvXFOmkvuXL5F9pGKyqi;Tour Down Under;;Tour Down Under;;;
lfu6NuvrFJghMGd3ott3;Tour Down Under femenino;;Tour Down Under Women's;;;
5cGp66A3FJf939VUsJYe;Tour du Doubs;;Tour du Doubs;;;
2zwNiLFDiWrtIXtaQyv1;Tour du Finistère Pays de Quimper;;Tour of Finistère;;;
fT1EHnx3qQRRlplDvvGs;Tour du Haut Limousin Féminin;;Tour du Haut Limousin Féminin;;;
IpHcjHrU0sPxc13w17ND;Tour du Jura;;Tour du Jura;;;
yhLqymbc76CinYVs9eVT;Tour du Limousin;;Tour du Limousin;;;
j6m3Im2Pc6w2KIJKHDll;Tour du Loir-et-Cher;;Tour du Loir-et-Cher;;;
czwyiiaxuX8WJSaghNlR;Tour El Salvador;;Tour El Salvador;;;
9wWuc1Wm1QSHh2kk5z1S;Tour Féminin du Burundi;;Tour Féminin du Burundi;;;
vR4qV7eDCBBfjpZmTsIB;Tour of Antalya;;Tour of Antalya;;;
DdwU93jwDTUMOcbU9S3u;Tour of Binzhou;;Tour of Binzhou;;;
Dz3Zf9Mlber5gtX7Qa84;Tour of Bostonliq;;Tour of Bostonliq;;;
blmzqACIdqYNqIhBAoDw;Tour of Bostonliq Ladies;;Tour of Bostonliq Ladies;;;
x7whW7s7jenqKRaMgTje;Tour of Hainan;;Tour of Hainan;;;
sTit9AVTCmCpHM4R8uNr;Tour of Huangshan;;Tour of Huangshan;;;
ldKWUzwFIAvr5aslWDqx;Tour of Istanbul;;Tour of Istanbul;;;
sZUpc1qivgZGQPYdeHTI;Tour of Kahramanmara_;;Tour of Kahramanmara_;;;
zVR7DKcAiwO1u4k8cJ7j;Tour of Kosovo;;Tour of Kosovo;;;
cElmxyphJwXoXo617DfD;Tour of Magnificent Qinghai;;Tour of Magnificent Qinghai;;;
8fDKrD7CIEnDXwGWd0Ki;Tour of Malopolska;;Tour of Ma_opolska;;;
A3MGoiqOowCoLKvakxXM;Tour of Mentougou;;Tour of Mentougou;;;
L18MYotrxPY9P9BDQTGq;Tour of Mersin;;Tour of Mersin;;;
jowPj3NAqZbnZMqFnbcO;Tour of Poyang Lake;;Tour of Poyang Lake;;;
UtEnQ70vGZS1anxl6s1g;Tour of Rhodes;;Tour of Rhodes;;;
dAZttxJuWg24gdwgfUWM;Tour of Salalah;;Tour of Salalah;;;
ZhMlTb9BPb86di4pGIRR;Tour of Samsun;;Tour of Samsun;;;
FhgwOMrJ1tN09lspCSef;Tour of Shanghai;;Tour of Shanghai;;;
9W76GGcM5x6cCofDEThq;Tour of Sharjah;;Tour of Sharjah;;;
6tRqZpDqy9QQbbebEip1;Tour of South Bohemia / Okolo ji_ních _ech;;Tour of South Bohemia / Okolo ji_ních _ech;;;
yKzklVxfMVGy1msDkIDY;Tour of Szeklerland;;Tour of Szeklerland;;;
itJWzklrJkzl16cdua0c;Tour of Taihu Lake;;Tour of Taihu Lake;;;
edlDH7NoxeMKklt6n58b;Tour of the Alps;;Tour of the Alps;;;
7M2LIpygGl64USUTb1W8;Tour of the Gila;;Tour of the Gila;;;
rsYcyBJvsMNcYuFc8HbE;Tour of the Gila femenino;;Tour of the Gila Women;;;
RkhSNEG4ZgH1lvzav1up;Tour Szlakiem Mazurskich Twierdz;;Tour Szlakiem Mazurskich Twierdz;;;
sg28U2El3ozC1X8tcDJS;Tout commence en Finistère Ladies Classic;;Tout commence en Finistère Ladies Classic;;;
VSOh7DMbwR8jIh85IpvH;TPC en Nouvelle-Aquitaine (Poitou-Charentes);;TPC en Nouvelle-Aquitaine (Poitou-Charentes);;;
arWUqZyDJMXcbAUgOkxC;Tres Valles Varesinos;Tre Valli Varesine;Tre Valli Varesine;;;
bdtDsE8qEDebxhya1zMj;Tres Valles Varesinos femeninos;Tre Valli Varesine;Tre Valli Varesine Women;;;
NYrFVR0wCMdo6uwyR86u;Tro-Bro Léon;;Tro-Bro Léon;;;
719ovgmtLbw1Vf59Am7J;Trofeo Alcide Degasperi;;Trofeo Alcide Degasperi;;;
7LWDiBWPe4FOBUDQ9iEr;Trofeo Alfredo Binda;;Trofeo Alfredo Binda;;;
K0OKZ7GXuDGbKhV16pBI;Trofeo Andratx-Mirador d'Es Colomer;;Trofeo Andratx-Mirador d'Es Colomer;;;
TE186h1bi1jOUtKA414T;Trofeo Binissalem-Port d'Andratx;;Trofeo Binissalem-Port d'Andratx;;;
NcJOYp02cyfJDX2pilQw;Trofeo Calvià;;Trofeo Calvià;;;
ioPNr8wTBtwhWcS1AJ4u;Trofeo Città di Brescia;;Trofeo Città di Brescia;;;
kbRKiLQ8OGn72d02mKfa;Trofeo Città di San Vendemiano;;Trofeo Città di San Vendemiano;;;
1NiE4g5n7qOFcoKzSjjr;Trofeo Laigueglia;;Trofeo Laigueglia;;;
ELdm7zdIoNEKIjUj9lx3;Trofeo Llucmajor;;Trofeo Llucmajor;;;
4mEwKiT4J0HwHub5mkPz;Trofeo Maarten Wynants;;Trofeo Maarten Wynants;;;
GLv8nQSVqWqRn1fIeXez;Trofeo Marratxí - Puig de Sant Salvador (Felanitx);;Trofeo Marratxí - Puig de Sant Salvador (Felanitx);;;
ONQJX6J3m8MDs9k3JuDK;Trofeo Matteotti;;Trofeo Matteotti;;;
FxhLLwYuwLaR1xT20ISK;Trofeo Oro in Euro;;Trofeo Oro in Euro;;;
tS2qINUodfg3AJCk29ap;Trofeo Palma;;Trofeo Palma;;;
gI8ApGMZwmNwjyH8hQ1h;Trofeo Piva;;Trofeo Piva;;;
ET3iC6SwxngwPDk4vPsZ;Trofeo Serra de Tramuntana;;Trofeo Serra de Tramuntana;;;
vK78cWZ9RHqecusKkIzI;Trofeo Ses Salines-Colònia Sant Jordi;;Trofeo Ses Salines-Colònia Sant Jordi;;;
W3MuUjN7lWUyPzLP2yk6;Trofeo Tessile & Moda;;Trofeo Tessile & Moda;;;
V74L67hFe0keyNpbBwi0;Trofeo Tessile & Moda femenino;;Trofeo Tessile & Moda Women;;;
FW69xHsN7KQFbdeoChAq;Troféu internacional da Arrábida;;Trofeu Internacional da Arrábida;;;
RmudljD6bhqd8X7l8vZf;UAE Tour;;UAE Tour;;;
i8rmVYFQgc8MYJ9DyyI3;UAE Tour femenino;;UAE Tour Women;;;
hFxFTUyuxuhBGmm5VWtL;Umag Classic;;Umag Classic;;;
pace8lXqTokAy7WXh3NS;Umag Classic femenina;;Umag Classic Women;;;
mwHgua9okOe6Tpo2s70x;Utsunomiya Japan Cup Road Race;;Utsunomiya Japan Cup Road Race;;;
cg6APYdAkwo3wz29B3SQ;Veenendaal Classic;;Veenendaal Classic;;;
9WSDdpSPoKI4gw0I45Ha;Veenendaal-Veenendaal;;Veenendaal-Veenendaal;;;
GyjWjyx0u3ss29En6bFu;Velika Nagrada Novega Mesta;;Grand Prix of Novo Mesto;;;
lxBdRKUZOWWBFDQEZ1uY;Veneto Classic;;Veneto Classic;;;
RcjBR0fPqrF1vdnKPc1C;Veneto Women;;Veneto Women;;;
STrtEP257cOXZOjYsXP4;Visegrad 4 Race - GP Czech Republic;;Visegrád 4 Race - GP Czech Republic;;;
8Le2IB9k4nEqdRWujEzm;Visegrad 4 Race - GP Poland;;Visegrad 4 Race - GP Poland;;;
gRMgpNqzBnaCHv3wIOjc;Visegrad 4 Race - GP Slovakia;;Visegrad 4 Race - GP Slovakia;;;
592cMVCDd1DU3jcWJLNo;Visegrad 4 Race - Kerekparverseny;;Visegrad 4 Race - Kerekparverseny;;;
IQqQM9P7UmqtETPcEVX7;Visit South Aegean GP;;Tour of South Aegean;;;
MbtSV8B7u7Ler37QnyIz;Volta a Catalunya;;Volta a Catalunya;;;
LCKSRcizS7sGIvbjqLap;Volta a Catalunya femenina;;Volta a Catalunya Women;;;
PMaMSKpEsPct3QanUaRk;Volta a la Comunitat Valenciana;;Volta a la Comunitat Valenciana;;;
GJoxqpe19GTODSeoe99b;Volta a Portugal;;Volta a Portugal;;;
Tlr1SEoatuEiLXlcfTuD;Volta a Portugal Feminina;;Volta a Portugal Feminina;;;
KpTMYGUWPcXsJHyiSjYU;Volta de Santa Catarina;;Volta de Santa Catarina;;;
1cDVyjtDNUQmMLb2hcnn;Volta do Estado de São Paulo;;Volta do Estado de São Paulo;;;
7XH8ButRLtuG1Md3hb58;Vuelta a Albania;;Tour of Albania;;;
wc3wISt551u3lPoOWlFZ;Vuelta a Alemania;Deutschland Tour;Deutschland Tour;;;
dHVx6HGJlFJf2DdppBZv;Vuelta a Alta Austria (Oberösterreich Rundfahrt);Oberösterreich Rundfahrt;Oberösterreich Rundfahrt;;;
6HnOVPxoSyybekipsvHF;Vuelta a Andalucía;;Vuelta a Andalucía;;;
3cT8lTOcmoyKhxoRl0W6;Vuelta a Andalucía Elite Women;;Vuelta a Andalucía Elite Women;;;
XmUUNfOwgM2fwqLZw4iQ;Vuelta a Argelia;Tour d'Algérie;Tour d'Algérie;;;
3me7MtCAWuyAoOdaXm0H;Vuelta a Asturias;;Vuelta a Asturias;;;
IkST1piTSTWv5kgeNNBl;Vuelta a Austria;Tour of Austria;Tour of Austria;;;
Hdp5ApDKdxK35JjE5g27;Vuelta a Bélgica;Baloise Belgium Tour;Baloise Belgium Tour;;;
1z3T0ofscMtYpl6HdYah;Vuelta a Burgos;;Vuelta a Burgos;;;
S7zVPYgMeVnehoqDstO5;Vuelta a Burgos Féminas;;Vuelta a Burgos Féminas;;;
9QHCa7TUfhGzg3a9DQtB;Vuelta a Camerún;;Tour of Cameroon;;;
7w2Hpx7eqmhK4P2bvlkR;Vuelta a Colombia;;Vuelta a Colombia;;;
CY9nADtSqyyt6vF5guxi;Vuelta a Colombia Femenina;;Vuelta a Colombia Femenina;;;
tx9HlOVar3WxxsC6xCzn;Vuelta a Colonia (Rund um Köln);Rund um Köln;Rund um Köln;;;
XCUHepDJ484CSPUKLhvP;Vuelta a Dinamarca;Tour of Denmark;Tour of Denmark;;;
ouii0TrVPaCfIYQCHbdW;Vuelta a Eslovenia;;Tour of Slovenia;;;
9ZhfO0fudn77HULLkJky;Vuelta a Extremadura;;Vuelta a Extremadura;;;
Jg8xSLWHsyuJCTGi93t9;Vuelta a Gran Bretaña;Tour of Britain;Tour of Britain;;;
TJwHJ9T2z6aEDsDN5vvM;Vuelta a Gran Bretaña femenina;Tour of Britain;Tour of Britain Women;;;
YNvWzv6lLdMaXhdo6Z9k;Vuelta a Grecia;Tour of Hellas;Tour of Hellas;;;
3q0gvofA8Od5AQdzT8uK;Vuelta a Hungría;Tour de Hongrie;Tour de Hongrie;;;
Cb7ZRIVXFQA0xOl3tkHa;Vuelta a la República Checa;Czech Tour;Czech Tour;;;
r7wapojgSFnc7Sp7KlyA;Vuelta a los Países Bajos;Tour of Holland;Tour of Holland;;;
snKIcJ4OpjytonDm3wor;Vuelta a Murcia;;Vuelta a Murcia;;;
9gIlk62pOl1pzpJveOe4;Vuelta a Noruega;Tour of Norway;Tour of Norway;;;
hh1vA8CDAlSzsdAfKVPV;Vuelta a Noruega femenina;Tour of Norway;Tour of Norway Women;;;
ExYueXRJjvjcXcATkSzk;Vuelta a Polonia;Tour de Pologne;Tour de Pologne;;;
xf4fOKkKHfpd3ryfV4qu;Vuelta a Polonia femenina;Tour de Pologne;Tour de Pologne Women;;;
b8kFaOMGQGv86rIIO0Qn;Vuelta a Rumanía;Turul Romaniei;Turul Romaniei;;;
7ZlSZynd92zm5ScyptJ9;Vuelta a Suiza;;Tour de Suisse;;;
cd6nQmCLONmZdCaygUS2;Vuelta a Suiza femenina;;Tour de Suisse Women;;;
cFnmUhYv2gnNu9WzmFQt;Vuelta a Turquía;Tour of Türkiye;Tour of Türkiye;;;
tgAKESrjFpFtjDBM7VGl;Vuelta a Venezuela;;Vuelta a Venezuela;;;
W1Zm8JJTggnwqtckuSGb;Vuelta al Alentejo;;Volta ao Alentejo;;;
ECf2EAaUJcHPyCt2NlmC;Vuelta al Algarve;;Volta ao Algarve;;;
9dsfkpQh9q25AHX9Zlpy;Vuelta al Ecuador;;Vuelta al Ecuador;;;
67bEYnPEEyphasraDJTL;Vuelta al Táchira;;Vuelta al Táchira;;;
oN56qHVPyVL2goZ4v2dY;Vuelta Bantrab;;Vuelta Bantrab;;;
ij9FaB7o5zJbWpLg8fUy;Vuelta CV Féminas;;Vuelta CV Féminas;;;
kfvspdUvHdYSCol9VwY4;Vuelta Femenina a Costa Rica;;Vuelta Femenina a Costa Rica;;;
Vlx28y8lZf5PWnHhBUit;Vuelta Femenina a Guatemala;;Vuelta Femenina a Guatemala;;;
1GVuEn8Rq4IBZhpAxUno;West Bohemia Tour;;West Bohemia Tour;;;
cQKcztxXBX3lntRlGoN0;Women Cycling Pro Costa de Almería;;Women Cycling Pro Costa de Almería;;;
BB6ifRkqCnJPbRYcOQ1z;Yellow River Estuary (Dongying) Race;;Yellow River Estuary (Dongying) Race;;;
VyUXPmSW2xfWBsZNY045;Youngster Coast Challenge;;Youngster Coast Challenge;;;
xiME1IDDnkprKh364BMv;ZLM Tour;;ZLM Tour;;;